{
  "identifier": "qwen3-32b-fp8kv-adaptive-tp2",
  "case": "eagle3",
  "model": "/data/models/Qwen3-32B",
  "draft_model": "/data/models/RedHatAI-Qwen3-32B-speculator.eagle3",
  "num_prompts": 4,
  "max_tokens": 128,
  "elapsed_time": 3.917571655008942,
  "generated_tokens": 512,
  "tokens_per_second": 130.6932061715745,
  "speculative_config": {
    "method": "eagle3",
    "model": "/data/models/RedHatAI-Qwen3-32B-speculator.eagle3",
    "num_speculative_tokens": 2
  },
  "adaptive_profile": {
    "1": 108.91494097550577,
    "2": 112.68250179369174,
    "3": 107.4310297881981,
    "5": 110.38942897510017,
    "7": 104.93381064643997
  },
  "selected_n": 2
}